search,https://en.mapy.cz/s/bajogaluke
unsaved measure,https://en.mapy.cz/s/lececohaco
saved measure,https://en.mapy.cz/s/balosamuha
unsaved marks,https://en.mapy.cz/s/cufosoluda
saved marks,https://en.mapy.cz/s/lugudulazu
unsaved poi,https://en.mapy.cz/s/hudakenube
saved poi,https://en.mapy.cz/s/lohucecohe
saved poi,https://en.mapy.cz/s/lokeveneju
unsaved coor,https://en.mapy.cz/s/hetamopava
saved coor,https://en.mapy.cz/s/lezesebelo
saved poi,https://en.mapy.cz/s/dolorobegu
one_point_route,https://en.mapy.cz/s/roberadocu
unsaved_two_point_route,https://en.mapy.cz/s/hapozoloso
saved_two_point_route,https://en.mapy.cz/s/ranugebota
Prague Mlada Boleslav walk short,https://en.mapy.cz/s/majocazazo
Prague Mlada Boleslav walk short,https://en.mapy.cz/s/fefomazola
unsaved_two_point_route_several_country,https://en.mapy.cz/s/lucuvemoze
saved_two_point_route_several_country,https://en.mapy.cz/s/favofuhugu
unsaved_two_point_route_avoid_country,https://en.mapy.cz/s/kapeloleva
saved_two_point_route_avoid_country,https://en.mapy.cz/s/dekunozoro
unsaved_route_avoid_SK_no_pay_HUN,https://en.mapy.cz/s/bafatupoje
saved_route_avoid_SK_no_pay_HUN,https://en.mapy.cz/s/resumabore
unsaved_two_point_route_avoid_all,https://en.mapy.cz/s/kulubodoco
saved_two_point_route_avoid_all,https://en.mapy.cz/s/kasotanobu
unsaved_trip_foot_short,https://en.mapy.cz/s/netugenoba
saved_trip_foot_short,https://en.mapy.cz/s/cajabebeju
unsaved_trip,https://en.mapy.cz/s/cerefefuco
saved_trip,https://en.mapy.cz/s/damabacahe
base_map,https://en.mapy.cz/s/busobuhelo
aerial_map,https://en.mapy.cz/s/lukajadepo
aerial_map_button,https://en.mapy.cz/s/lukajadepo
historic_map,https://en.mapy.cz/s/curohadela
traffic_map,https://en.mapy.cz/s/rabogekova
panorama,https://en.mapy.cz/s/bocejuhefu
3D,https://en.mapy.cz/s/lapanejege
search,https://en.mapy.cz/s/bajogaluke
unsaved measure,https://en.mapy.cz/s/lececohaco
saved measure,https://en.mapy.cz/s/pulasozuco
unsaved marks,https://en.mapy.cz/s/pecoduroge
saved marks,https://en.mapy.cz/s/necakekefa
unsaved poi,https://en.mapy.cz/s/hudakenube
saved poi,https://en.mapy.cz/s/develosecu
saved poi,https://en.mapy.cz/s/kakatuculu
unsaved coor,https://en.mapy.cz/s/hetamopava
saved coor,https://en.mapy.cz/s/mafazecucu
saved poi,https://en.mapy.cz/s/fuhetohozu
one_point_route,https://en.mapy.cz/s/roberadocu
unsaved_two_point_route,https://en.mapy.cz/s/hapozoloso
saved_two_point_route,https://en.mapy.cz/s/jelocemuka
Prague Mlada Boleslav walk short,https://en.mapy.cz/s/lakacovato
Prague Mlada Boleslav walk short,https://en.mapy.cz/s/gakuvunube
unsaved_two_point_route_several_country,https://en.mapy.cz/s/lucuvemoze
saved_two_point_route_several_country,https://en.mapy.cz/s/denamonoba
unsaved_two_point_route_avoid_country,https://en.mapy.cz/s/kapeloleva
saved_two_point_route_avoid_country,https://en.mapy.cz/s/pekanumoga
unsaved_route_avoid_SK_no_pay_HUN,https://en.mapy.cz/s/jejosufeju
saved_route_avoid_SK_no_pay_HUN,https://en.mapy.cz/s/netuhedura
unsaved_two_point_route_avoid_all,https://en.mapy.cz/s/cetonamabo
saved_two_point_route_avoid_all,https://en.mapy.cz/s/falovefojo
unsaved_trip_foot_short,https://en.mapy.cz/s/netugenoba
saved_trip_foot_short,https://en.mapy.cz/s/lapatemelo
unsaved_trip,https://en.mapy.cz/s/cerefefuco
saved_trip,https://en.mapy.cz/s/lufafaroze
aerial_map,https://en.mapy.cz/s/busobuhelo
aerial_map_button,https://en.mapy.cz/s/busobuhelo
historic_map,https://en.mapy.cz/s/curohadela
traffic_map,https://en.mapy.cz/s/rabogekova
panorama,https://en.mapy.cz/s/bocejuhefu
3D,https://en.mapy.cz/s/fahetumuta
search,https://en.mapy.cz/s/bajogaluke
unsaved measure,https://en.mapy.cz/s/nomaketome
saved measure,https://en.mapy.cz/s/boluboroha
unsaved poi,https://en.mapy.cz/s/hudakenube
saved poi,https://en.mapy.cz/s/cozojososu
one_point_route,https://en.mapy.cz/s/roberadocu
unsaved_two_point_route,https://en.mapy.cz/s/dupuvecepu
saved_two_point_route,https://en.mapy.cz/s/kejejofuzu
Prague Mlada Boleslav walk short,https://en.mapy.cz/s/curolenatu
Prague Mlada Boleslav walk short,https://en.mapy.cz/s/detoturoga
unsaved_two_point_route_several_country,https://en.mapy.cz/s/getefazove
saved_two_point_route_several_country,https://en.mapy.cz/s/jotuzunozu
unsaved_two_point_route_avoid_country,https://en.mapy.cz/s/kafadezuke
saved_two_point_route_avoid_country,https://en.mapy.cz/s/pucetalugu
unsaved_two_point_route_avoid_all,https://en.mapy.cz/s/pojemebagu
unsaved_trip_foot_short,https://en.mapy.cz/s/nasojununu
unsaved_trip,https://en.mapy.cz/s/koruharaba
base_map,https://en.mapy.cz/s/busobuhelo
aerial_map,https://en.mapy.cz/s/bajogaluke
aerial_map_button,https://en.mapy.cz/s/lufucajuno
historic_map,https://en.mapy.cz/s/curohadela
traffic_map,https://en.mapy.cz/s/putatubuca
panorama,https://en.mapy.cz/s/mofagahuhe
unsaved measure,https://en.mapy.cz/s/dehuganodo
saved measure,https://en.mapy.cz/s/gutumukero
unsaved poi,https://en.mapy.cz/s/hudakenube
saved poi,https://en.mapy.cz/s/rebososeva
unsaved coor,https://en.mapy.cz/s/degorakabe
saved coor,https://en.mapy.cz/s/gemejudoma
unsaved_two_point_route,https://en.mapy.cz/s/dupuvecepu
saved_two_point_route,https://en.mapy.cz/s/fanemacate
Prague Mlada Boleslav walk short,https://en.mapy.cz/s/fumurogema
Prague Mlada Boleslav walk short,https://en.mapy.cz/s/ganajenoru
unsaved_two_point_route_several_country,https://en.mapy.cz/s/robapasuro
saved_two_point_route_several_country,https://en.mapy.cz/s/nojahosalu
unsaved_two_point_route_avoid_country,https://en.mapy.cz/s/mumutahura
saved_two_point_route_avoid_country,https://en.mapy.cz/s/buzorapepa
unsaved_route_avoid_SK_no_pay_HUN,https://en.mapy.cz/s/fudojoguga
saved_route_avoid_SK_no_pay_HUN,https://en.mapy.cz/s/madugudoto
unsaved_two_point_route_avoid_all,Stále se projevuje
saved_two_point_route_avoid_all,https://en.mapy.cz/s/cosomudava
unsaved_trip_foot_short,https://en.mapy.cz/s/nasojununu
saved_trip_foot_short,https://en.mapy.cz/s/kekamefuco
unsaved_trip,https://en.mapy.cz/s/koruharaba
saved_trip,https://en.mapy.cz/s/rabofokafo
base_map,https://en.mapy.cz/s/buzurozazo
aerial_map,https://en.mapy.cz/s/lufucajuno
aerial_map_button,https://en.mapy.cz/s/lukajadepo
historic_map,https://en.mapy.cz/s/curohadela
traffic_map,https://en.mapy.cz/s/putatubuca
panorama,https://en.mapy.cz/s/mofagahuhe
